reviewGroupKey,descriptorSignature,sourceIdentityCount,sourceReferenceCount,evidenceStatus,comparisonBasis,medoidSourceIdentity,medoidAverageIou,worstPairLeft,worstPairRight,worstPairIou,boundsAspectSpreadPercent,diagnosticLowestIouRank,diagnosticLargestAspectSpreadRank,geometryClaim,contactSheetPath,silhouetteAnalysisPath,silhouetteContactSheetPath,nextGate
geometry-review__bulb-sprayer__18-415__274c4512c4,bulb-sprayer :: 18-415 :: Cap/Closure :: none,1,1,review-evidence-ready,single-identity-reference,CP18-415AnSpPnk,1,,,,0,,,none,outputs/paper-doll-component-authority-reviews/geometry-review__bulb-sprayer__18-415__274c4512c4/contact-sheet.png,outputs/paper-doll-component-authority-reviews/geometry-review__bulb-sprayer__18-415__274c4512c4/silhouette-analysis.json,outputs/paper-doll-component-authority-reviews/geometry-review__bulb-sprayer__18-415__274c4512c4/silhouette-analysis-contact-sheet.png,"Obtain physical dimensions or select a reviewed silhouette authority, then validate the resulting exact-alpha mask before any geometry-lock claim."
geometry-review__bulb-sprayer__18-415__e2b095d953,bulb-sprayer :: 18-415 :: Fine Mist Sprayer :: Spray,1,1,review-evidence-ready,single-identity-reference,CP18-415AnSpTslGl,1,,,,0,,,none,outputs/paper-doll-component-authority-reviews/geometry-review__bulb-sprayer__18-415__e2b095d953/contact-sheet.png,outputs/paper-doll-component-authority-reviews/geometry-review__bulb-sprayer__18-415__e2b095d953/silhouette-analysis.json,outputs/paper-doll-component-authority-reviews/geometry-review__bulb-sprayer__18-415__e2b095d953/silhouette-analysis-contact-sheet.png,"Obtain physical dimensions or select a reviewed silhouette authority, then validate the resulting exact-alpha mask before any geometry-lock claim."
geometry-review__bulb-sprayer__18-415__6314ffe5b1,bulb-sprayer :: 18-415 :: none :: Spray,2,2,review-evidence-ready,multi-identity-diagnostic,AnSp18-415Blk,0.9702191023186556,AnSp18-415Blk,AnSp18-415Gl,0.9404382046373112,0,6,17,none,outputs/paper-doll-component-authority-reviews/geometry-review__bulb-sprayer__18-415__6314ffe5b1/contact-sheet.png,outputs/paper-doll-component-authority-reviews/geometry-review__bulb-sprayer__18-415__6314ffe5b1/silhouette-analysis.json,outputs/paper-doll-component-authority-reviews/geometry-review__bulb-sprayer__18-415__6314ffe5b1/silhouette-analysis-contact-sheet.png,Review the source contact sheet and physical dimensions. Split only when visual or measured evidence proves distinct geometry; otherwise select one geometry authority and validate exact alpha.
geometry-review__bulb-sprayer__unknown-neck__855d48f60c,bulb-sprayer :: unknown-neck :: N/A :: none,1,1,review-evidence-ready,single-identity-reference,AntqSprBulbLavender,1,,,,0,,,none,outputs/paper-doll-component-authority-reviews/geometry-review__bulb-sprayer__unknown-neck__855d48f60c/contact-sheet.png,outputs/paper-doll-component-authority-reviews/geometry-review__bulb-sprayer__unknown-neck__855d48f60c/silhouette-analysis.json,outputs/paper-doll-component-authority-reviews/geometry-review__bulb-sprayer__unknown-neck__855d48f60c/silhouette-analysis-contact-sheet.png,"Obtain physical dimensions or select a reviewed silhouette authority, then validate the resulting exact-alpha mask before any geometry-lock claim."
geometry-review__bulb-sprayer-sprayer__18-415__ebc56aeb09,bulb-sprayer+sprayer :: 18-415 :: none :: Spray,14,28,review-evidence-ready,multi-identity-diagnostic,AnSp18-415IvySl,0.5031778452702983,AnSp18-415Lvn,AnSpTsl18-415Wht,0.1073962822689478,52.254205470337176,1,1,none,outputs/paper-doll-component-authority-reviews/geometry-review__bulb-sprayer-sprayer__18-415__ebc56aeb09/contact-sheet.png,outputs/paper-doll-component-authority-reviews/geometry-review__bulb-sprayer-sprayer__18-415__ebc56aeb09/silhouette-analysis.json,outputs/paper-doll-component-authority-reviews/geometry-review__bulb-sprayer-sprayer__18-415__ebc56aeb09/silhouette-analysis-contact-sheet.png,Review the source contact sheet and physical dimensions. Split only when visual or measured evidence proves distinct geometry; otherwise select one geometry authority and validate exact alpha.
geometry-review__cap__13-415__bd7f336278,cap :: 13-415 :: Cap/Closure :: none,2,2,review-evidence-ready,multi-identity-diagnostic,CP13-415Gl,0.9989356247183678,CP13-415Gl,CP13-415Sl,0.9978712494367357,0,18,18,none,outputs/paper-doll-component-authority-reviews/geometry-review__cap__13-415__bd7f336278/contact-sheet.png,outputs/paper-doll-component-authority-reviews/geometry-review__cap__13-415__bd7f336278/silhouette-analysis.json,outputs/paper-doll-component-authority-reviews/geometry-review__cap__13-415__bd7f336278/silhouette-analysis-contact-sheet.png,Review the source contact sheet and physical dimensions. Split only when visual or measured evidence proves distinct geometry; otherwise select one geometry authority and validate exact alpha.
geometry-review__cap__13-415__5b5524f566,cap :: 13-415 :: Cap/Closure :: Short,2,2,review-evidence-ready,multi-identity-diagnostic,CP13-415BlkSht,0.8986850870792755,CP13-415BlkSht,CP13-415WhtSht,0.7973701741585509,2.500000000000005,3,10,none,outputs/paper-doll-component-authority-reviews/geometry-review__cap__13-415__5b5524f566/contact-sheet.png,outputs/paper-doll-component-authority-reviews/geometry-review__cap__13-415__5b5524f566/silhouette-analysis.json,outputs/paper-doll-component-authority-reviews/geometry-review__cap__13-415__5b5524f566/silhouette-analysis-contact-sheet.png,Review the source contact sheet and physical dimensions. Split only when visual or measured evidence proves distinct geometry; otherwise select one geometry authority and validate exact alpha.
geometry-review__cap__13-415__e45a8a2c38,cap :: 13-415 :: Plastic Roller Ball :: Roll-On,9,9,review-evidence-ready,multi-identity-diagnostic,CPRoll13-415BlkSh,0.9864222953050468,CPRoll13-415GlSh,CPRoll13-415SlMt,0.9714290136354491,8.290610173309492,12,6,none,outputs/paper-doll-component-authority-reviews/geometry-review__cap__13-415__e45a8a2c38/contact-sheet.png,outputs/paper-doll-component-authority-reviews/geometry-review__cap__13-415__e45a8a2c38/silhouette-analysis.json,outputs/paper-doll-component-authority-reviews/geometry-review__cap__13-415__e45a8a2c38/silhouette-analysis-contact-sheet.png,Review the source contact sheet and physical dimensions. Split only when visual or measured evidence proves distinct geometry; otherwise select one geometry authority and validate exact alpha.
geometry-review__cap__15-415__6962075287,cap :: 15-415 :: Cap/Closure :: none,2,2,review-evidence-ready,multi-identity-diagnostic,CP15-415ShnGl,0.9942513431807145,CP15-415ShnGl,CP15-415ShnSl,0.9885026863614291,2.2900763358778544,16,11,none,outputs/paper-doll-component-authority-reviews/geometry-review__cap__15-415__6962075287/contact-sheet.png,outputs/paper-doll-component-authority-reviews/geometry-review__cap__15-415__6962075287/silhouette-analysis.json,outputs/paper-doll-component-authority-reviews/geometry-review__cap__15-415__6962075287/silhouette-analysis-contact-sheet.png,Review the source contact sheet and physical dimensions. Split only when visual or measured evidence proves distinct geometry; otherwise select one geometry authority and validate exact alpha.
geometry-review__cap__18-400__075c71e858,cap :: 18-400 :: Cap/Closure :: Short,1,1,review-evidence-ready,single-identity-reference,18-400CpShortBlk,1,,,,0,,,none,outputs/paper-doll-component-authority-reviews/geometry-review__cap__18-400__075c71e858/contact-sheet.png,outputs/paper-doll-component-authority-reviews/geometry-review__cap__18-400__075c71e858/silhouette-analysis.json,outputs/paper-doll-component-authority-reviews/geometry-review__cap__18-400__075c71e858/silhouette-analysis-contact-sheet.png,"Obtain physical dimensions or select a reviewed silhouette authority, then validate the resulting exact-alpha mask before any geometry-lock claim."
geometry-review__cap__18-400__7b644a08b3,cap :: 18-400 :: none :: Applicator,1,1,review-evidence-ready,single-identity-reference,18-400CpAppBlk,1,,,,0,,,none,outputs/paper-doll-component-authority-reviews/geometry-review__cap__18-400__7b644a08b3/contact-sheet.png,outputs/paper-doll-component-authority-reviews/geometry-review__cap__18-400__7b644a08b3/silhouette-analysis.json,outputs/paper-doll-component-authority-reviews/geometry-review__cap__18-400__7b644a08b3/silhouette-analysis-contact-sheet.png,"Obtain physical dimensions or select a reviewed silhouette authority, then validate the resulting exact-alpha mask before any geometry-lock claim."
geometry-review__cap__18-415__a49d784871,cap :: 18-415 :: Cap/Closure :: Faux Leather,5,5,review-evidence-ready,multi-identity-diagnostic,CP18-415LBrwnLthr,0.9795235419878898,CP18-415BrwnLthr,CP18-415LIvyLthr,0.9544857768052516,8.97599838353515,7,5,none,outputs/paper-doll-component-authority-reviews/geometry-review__cap__18-415__a49d784871/contact-sheet.png,outputs/paper-doll-component-authority-reviews/geometry-review__cap__18-415__a49d784871/silhouette-analysis.json,outputs/paper-doll-component-authority-reviews/geometry-review__cap__18-415__a49d784871/silhouette-analysis-contact-sheet.png,Review the source contact sheet and physical dimensions. Split only when visual or measured evidence proves distinct geometry; otherwise select one geometry authority and validate exact alpha.
geometry-review__cap__18-415__5ca9162ae8,cap :: 18-415 :: Cap/Closure :: none,1,1,review-evidence-ready,single-identity-reference,CP18-415Wh,1,,,,0,,,none,outputs/paper-doll-component-authority-reviews/geometry-review__cap__18-415__5ca9162ae8/contact-sheet.png,outputs/paper-doll-component-authority-reviews/geometry-review__cap__18-415__5ca9162ae8/silhouette-analysis.json,outputs/paper-doll-component-authority-reviews/geometry-review__cap__18-415__5ca9162ae8/silhouette-analysis-contact-sheet.png,"Obtain physical dimensions or select a reviewed silhouette authority, then validate the resulting exact-alpha mask before any geometry-lock claim."
geometry-review__cap__18-415__5ef8879454,cap :: 18-415 :: Cap/Closure :: Short,3,3,review-evidence-ready,multi-identity-diagnostic,CP18-415ShnSl,0.9951633565083094,CP18-415MtSl,CP18-415ShnGl,0.9856594347041681,3.1091090883300367,14,9,none,outputs/paper-doll-component-authority-reviews/geometry-review__cap__18-415__5ef8879454/contact-sheet.png,outputs/paper-doll-component-authority-reviews/geometry-review__cap__18-415__5ef8879454/silhouette-analysis.json,outputs/paper-doll-component-authority-reviews/geometry-review__cap__18-415__5ef8879454/silhouette-analysis-contact-sheet.png,Review the source contact sheet and physical dimensions. Split only when visual or measured evidence proves distinct geometry; otherwise select one geometry authority and validate exact alpha.
geometry-review__cap__18-415__6137704566,cap :: 18-415 :: Cap/Closure :: Tall,2,2,review-evidence-ready,multi-identity-diagnostic,CP18-415MtSlTall,0.9985518245461867,CP18-415MtSlTall,CP18-415ShnBlkTall,0.9971036490923735,4.974565493853339,17,8,none,outputs/paper-doll-component-authority-reviews/geometry-review__cap__18-415__6137704566/contact-sheet.png,outputs/paper-doll-component-authority-reviews/geometry-review__cap__18-415__6137704566/silhouette-analysis.json,outputs/paper-doll-component-authority-reviews/geometry-review__cap__18-415__6137704566/silhouette-analysis-contact-sheet.png,Review the source contact sheet and physical dimensions. Split only when visual or measured evidence proves distinct geometry; otherwise select one geometry authority and validate exact alpha.
geometry-review__cap__20-400__75550d33bd,cap :: 20-400 :: Cap/Closure :: Short,2,2,review-evidence-ready,multi-identity-diagnostic,20-400Cp2ozShortBlk,1,20-400Cp2ozShortBlk,20-400cp1ozShortBlk,1,0,19,19,none,outputs/paper-doll-component-authority-reviews/geometry-review__cap__20-400__75550d33bd/contact-sheet.png,outputs/paper-doll-component-authority-reviews/geometry-review__cap__20-400__75550d33bd/silhouette-analysis.json,outputs/paper-doll-component-authority-reviews/geometry-review__cap__20-400__75550d33bd/silhouette-analysis-contact-sheet.png,Review the source contact sheet and physical dimensions. Split only when visual or measured evidence proves distinct geometry; otherwise select one geometry authority and validate exact alpha.
geometry-review__cap__20-400__50b30653ff,cap :: 20-400 :: Plastic Roller Ball :: Tall,6,6,review-evidence-ready,multi-identity-diagnostic,CPRoll20-400TallMattGl,0.9874489569581829,CPRoll20-400TallShnBlk,CPRoll20-400TallShnSl,0.9668184273477892,8.106080949126069,11,7,none,outputs/paper-doll-component-authority-reviews/geometry-review__cap__20-400__50b30653ff/contact-sheet.png,outputs/paper-doll-component-authority-reviews/geometry-review__cap__20-400__50b30653ff/silhouette-analysis.json,outputs/paper-doll-component-authority-reviews/geometry-review__cap__20-400__50b30653ff/silhouette-analysis-contact-sheet.png,Review the source contact sheet and physical dimensions. Split only when visual or measured evidence proves distinct geometry; otherwise select one geometry authority and validate exact alpha.
geometry-review__cap__8-425__b0a7b8c0cf,cap :: 8-425 :: Cap/Closure :: Short,2,2,review-evidence-ready,multi-identity-diagnostic,8-425CpShortBlack,0.9930759513658614,8-425CpShortBlack,8-425CpShortWhite,0.9861519027317227,1.6393442622950845,15,12,none,outputs/paper-doll-component-authority-reviews/geometry-review__cap__8-425__b0a7b8c0cf/contact-sheet.png,outputs/paper-doll-component-authority-reviews/geometry-review__cap__8-425__b0a7b8c0cf/silhouette-analysis.json,outputs/paper-doll-component-authority-reviews/geometry-review__cap__8-425__b0a7b8c0cf/silhouette-analysis-contact-sheet.png,Review the source contact sheet and physical dimensions. Split only when visual or measured evidence proves distinct geometry; otherwise select one geometry authority and validate exact alpha.
geometry-review__cap__8-425__840de1544d,cap :: 8-425 :: Cap/Closure :: Tall,3,3,review-evidence-ready,multi-identity-diagnostic,CP8-425TallShnGl,0.9902905236596714,CP8-425TallBlack,CP8-425TallShnSl,0.9732016258625579,1.1738216254697809,13,13,none,outputs/paper-doll-component-authority-reviews/geometry-review__cap__8-425__840de1544d/contact-sheet.png,outputs/paper-doll-component-authority-reviews/geometry-review__cap__8-425__840de1544d/silhouette-analysis.json,outputs/paper-doll-component-authority-reviews/geometry-review__cap__8-425__840de1544d/silhouette-analysis-contact-sheet.png,Review the source contact sheet and physical dimensions. Split only when visual or measured evidence proves distinct geometry; otherwise select one geometry authority and validate exact alpha.
geometry-review__dropper__18-400__faf1ea000e,dropper :: 18-400 :: Dropper :: Dropper,5,5,review-evidence-ready,multi-identity-diagnostic,Drp18-40015mlShnGlTrimBlkBulb,0.9504384448464466,Drp18-40015mlShnGlTrimWhiteBulb,Drp18-40015mlWhiteBulb,0.8664574731626755,9.0909090909091,4,3,none,outputs/paper-doll-component-authority-reviews/geometry-review__dropper__18-400__faf1ea000e/contact-sheet.png,outputs/paper-doll-component-authority-reviews/geometry-review__dropper__18-400__faf1ea000e/silhouette-analysis.json,outputs/paper-doll-component-authority-reviews/geometry-review__dropper__18-400__faf1ea000e/silhouette-analysis-contact-sheet.png,Review the source contact sheet and physical dimensions. Split only when visual or measured evidence proves distinct geometry; otherwise select one geometry authority and validate exact alpha.
geometry-review__dropper__18-400__9104590c62,dropper :: 18-400 :: none :: Dropper,1,1,review-evidence-ready,single-identity-reference,Drp18-40015mlBlckBulb,1,,,,0,,,none,outputs/paper-doll-component-authority-reviews/geometry-review__dropper__18-400__9104590c62/contact-sheet.png,outputs/paper-doll-component-authority-reviews/geometry-review__dropper__18-400__9104590c62/silhouette-analysis.json,outputs/paper-doll-component-authority-reviews/geometry-review__dropper__18-400__9104590c62/silhouette-analysis-contact-sheet.png,"Obtain physical dimensions or select a reviewed silhouette authority, then validate the resulting exact-alpha mask before any geometry-lock claim."
geometry-review__dropper__18-415__a8b7bd0585,dropper :: 18-415 :: Dropper :: Dropper,3,3,review-evidence-ready,multi-identity-diagnostic,Drp18-415Cu,0.9837802180403843,Drp18-415Gl,Drp18-415Sl,0.9577628438638363,0.9708737864077749,10,16,none,outputs/paper-doll-component-authority-reviews/geometry-review__dropper__18-415__a8b7bd0585/contact-sheet.png,outputs/paper-doll-component-authority-reviews/geometry-review__dropper__18-415__a8b7bd0585/silhouette-analysis.json,outputs/paper-doll-component-authority-reviews/geometry-review__dropper__18-415__a8b7bd0585/silhouette-analysis-contact-sheet.png,Review the source contact sheet and physical dimensions. Split only when visual or measured evidence proves distinct geometry; otherwise select one geometry authority and validate exact alpha.
geometry-review__dropper__20-400__1f69cf193c,dropper :: 20-400 :: Dropper :: Dropper,11,11,review-evidence-ready,multi-identity-diagnostic,Drp20-4001ozShnGlTrimBlkBulb,0.94947159920657,Drp20-4001ozWhiteBulb,Drp20-4001ozlShnGlTrimWhiteBulb,0.8664574731626755,9.0909090909091,5,4,none,outputs/paper-doll-component-authority-reviews/geometry-review__dropper__20-400__1f69cf193c/contact-sheet.png,outputs/paper-doll-component-authority-reviews/geometry-review__dropper__20-400__1f69cf193c/silhouette-analysis.json,outputs/paper-doll-component-authority-reviews/geometry-review__dropper__20-400__1f69cf193c/silhouette-analysis-contact-sheet.png,Review the source contact sheet and physical dimensions. Split only when visual or measured evidence proves distinct geometry; otherwise select one geometry authority and validate exact alpha.
geometry-review__dropper__20-400__be82382059,dropper :: 20-400 :: none :: Dropper,1,1,review-evidence-ready,single-identity-reference,Drp20-4001ozBlckBulb,1,,,,0,,,none,outputs/paper-doll-component-authority-reviews/geometry-review__dropper__20-400__be82382059/contact-sheet.png,outputs/paper-doll-component-authority-reviews/geometry-review__dropper__20-400__be82382059/silhouette-analysis.json,outputs/paper-doll-component-authority-reviews/geometry-review__dropper__20-400__be82382059/silhouette-analysis-contact-sheet.png,"Obtain physical dimensions or select a reviewed silhouette authority, then validate the resulting exact-alpha mask before any geometry-lock claim."
geometry-review__pump__18-415__4b1f4c5688,pump :: 18-415 :: none :: Pump,7,10,review-evidence-ready,multi-identity-diagnostic,Ltn18-415MtGl,0.9436334843280463,Ltn18-415MtSlCl,Ltn18-415ShnGl,0.6727470141150923,9.407748902384018,2,2,none,outputs/paper-doll-component-authority-reviews/geometry-review__pump__18-415__4b1f4c5688/contact-sheet.png,outputs/paper-doll-component-authority-reviews/geometry-review__pump__18-415__4b1f4c5688/silhouette-analysis.json,outputs/paper-doll-component-authority-reviews/geometry-review__pump__18-415__4b1f4c5688/silhouette-analysis-contact-sheet.png,Review the source contact sheet and physical dimensions. Split only when visual or measured evidence proves distinct geometry; otherwise select one geometry authority and validate exact alpha.
geometry-review__sprayer__13-415__29f23f5a84,sprayer :: 13-415 :: none :: Spray,1,1,review-evidence-ready,single-identity-reference,CP13-415SpryCuMt,1,,,,0,,,none,outputs/paper-doll-component-authority-reviews/geometry-review__sprayer__13-415__29f23f5a84/contact-sheet.png,outputs/paper-doll-component-authority-reviews/geometry-review__sprayer__13-415__29f23f5a84/silhouette-analysis.json,outputs/paper-doll-component-authority-reviews/geometry-review__sprayer__13-415__29f23f5a84/silhouette-analysis-contact-sheet.png,"Obtain physical dimensions or select a reviewed silhouette authority, then validate the resulting exact-alpha mask before any geometry-lock claim."
geometry-review__sprayer__15-415__01e5312a22,sprayer :: 15-415 :: Fine Mist Sprayer :: Spray,5,5,review-evidence-ready,multi-identity-diagnostic,Spry15-415Blk,0.9804403529419747,Spry15-415MattSl,Spry15-415ShnSl,0.9545917529160506,0.982726423902891,8,15,none,outputs/paper-doll-component-authority-reviews/geometry-review__sprayer__15-415__01e5312a22/contact-sheet.png,outputs/paper-doll-component-authority-reviews/geometry-review__sprayer__15-415__01e5312a22/silhouette-analysis.json,outputs/paper-doll-component-authority-reviews/geometry-review__sprayer__15-415__01e5312a22/silhouette-analysis-contact-sheet.png,Review the source contact sheet and physical dimensions. Split only when visual or measured evidence proves distinct geometry; otherwise select one geometry authority and validate exact alpha.
geometry-review__sprayer__18-415__0a02e5f733,sprayer :: 18-415 :: none :: Spray,6,6,review-evidence-ready,multi-identity-diagnostic,Spry18-415MtSl,0.9742724286580368,Spry18-415MtGl,Spry18-415ShnSl,0.9546516722652256,1.0638297872340512,9,14,none,outputs/paper-doll-component-authority-reviews/geometry-review__sprayer__18-415__0a02e5f733/contact-sheet.png,outputs/paper-doll-component-authority-reviews/geometry-review__sprayer__18-415__0a02e5f733/silhouette-analysis.json,outputs/paper-doll-component-authority-reviews/geometry-review__sprayer__18-415__0a02e5f733/silhouette-analysis-contact-sheet.png,Review the source contact sheet and physical dimensions. Split only when visual or measured evidence proves distinct geometry; otherwise select one geometry authority and validate exact alpha.
